Date,GPRD
1/1/10,148
1/2/10,133
1/3/10,173
1/4/10,178
1/5/10,221
1/6/10,108
1/7/10,90
1/8/10,169
1/9/10,22
1/10/10,54
1/11/10,50
1/12/10,64
1/13/10,187
1/14/10,76
1/15/10,78
1/16/10,111
1/17/10,36
1/18/10,93
1/19/10,50
1/20/10,70
1/21/10,87
1/22/10,59
1/23/10,80
1/24/10,37
1/25/10,124
1/26/10,74
1/27/10,76
1/28/10,92
1/29/10,58
1/30/10,141
1/31/10,73
2/1/10,99
2/2/10,17
2/3/10,68
2/4/10,35
2/5/10,76
2/6/10,56
2/7/10,74
2/8/10,63
2/9/10,42
2/10/10,75
2/11/10,58
2/12/10,44
2/13/10,41
2/14/10,32
2/15/10,44
2/16/10,154
2/17/10,54
2/18/10,41
2/19/10,28
2/20/10,24
2/21/10,67
2/22/10,86
2/23/10,61
2/24/10,138
2/25/10,92
2/26/10,41
2/27/10,40
2/28/10,33
3/1/10,42
3/2/10,57
3/3/10,31
3/4/10,36
3/5/10,96
3/6/10,43
3/7/10,73
3/8/10,17
3/9/10,34
3/10/10,23
3/11/10,37
3/12/10,50
3/13/10,12
3/14/10,34
3/15/10,41
3/16/10,34
3/17/10,87
3/18/10,68
3/19/10,21
3/20/10,23
3/21/10,72
3/22/10,54
3/23/10,0
3/24/10,39
3/25/10,64
3/26/10,41
3/27/10,76
3/28/10,44
3/29/10,68
3/30/10,56
3/31/10,31
4/1/10,65
4/2/10,48
4/3/10,40
4/4/10,40
4/5/10,93
4/6/10,38
4/7/10,118
4/8/10,51
4/9/10,60
4/10/10,13
4/11/10,86
4/12/10,72
4/13/10,103
4/14/10,69
4/15/10,23
4/16/10,43
4/17/10,25
4/18/10,35
4/19/10,37
4/20/10,49
4/21/10,108
4/22/10,74
4/23/10,92
4/24/10,18
4/25/10,18
4/26/10,53
4/27/10,50
4/28/10,31
4/29/10,66
4/30/10,50
5/1/10,42
5/2/10,34
5/3/10,55
5/4/10,86
5/5/10,55
5/6/10,96
5/7/10,81
5/8/10,29
5/9/10,73
5/10/10,63
5/11/10,42
5/12/10,16
5/13/10,62
5/14/10,72
5/15/10,60
5/16/10,19
5/17/10,48
5/18/10,68
5/19/10,78
5/20/10,61
5/21/10,67
5/22/10,63
5/23/10,89
5/24/10,48
5/25/10,107
5/26/10,159
5/27/10,73
5/28/10,52
5/29/10,62
5/30/10,36
5/31/10,50
6/1/10,86
6/2/10,93
6/3/10,38
6/4/10,37
6/5/10,74
6/6/10,36
6/7/10,18
6/8/10,80
6/9/10,37
6/10/10,22
6/11/10,93
6/12/10,31
6/13/10,110
6/14/10,27
6/15/10,43
6/16/10,100
6/17/10,45
6/18/10,75
6/19/10,32
6/20/10,37
6/21/10,9
6/22/10,59
6/23/10,59
6/24/10,38
6/25/10,104
6/26/10,51
6/27/10,101
6/28/10,68
6/29/10,34
6/30/10,33
7/1/10,46
7/2/10,39
7/3/10,45
7/4/10,20
7/5/10,32
7/6/10,115
7/7/10,69
7/8/10,89
7/9/10,24
7/10/10,13
7/11/10,58
7/12/10,41
7/13/10,85
7/14/10,58
7/15/10,72
7/16/10,56
7/17/10,26
7/18/10,121
7/19/10,58
7/20/10,72
7/21/10,126
7/22/10,73
7/23/10,30
7/24/10,20
7/25/10,19
7/26/10,115
7/27/10,116
7/28/10,91
7/29/10,32
7/30/10,23
7/31/10,27
8/1/10,104
8/2/10,70
8/3/10,47
8/4/10,17
8/5/10,48
8/6/10,25
8/7/10,27
8/8/10,21
8/9/10,20
8/10/10,64
8/11/10,43
8/12/10,9
8/13/10,32
8/14/10,26
8/15/10,63
8/16/10,49
8/17/10,9
8/18/10,44
8/19/10,59
8/20/10,8
8/21/10,40
8/22/10,93
8/23/10,70
8/24/10,28
8/25/10,34
8/26/10,41
8/27/10,64
8/28/10,67
8/29/10,40
8/30/10,91
8/31/10,78
9/1/10,71
9/2/10,84
9/3/10,61
9/4/10,38
9/5/10,41
9/6/10,33
9/7/10,0
9/8/10,60
9/9/10,23
9/10/10,60
9/11/10,42
9/12/10,34
9/13/10,28
9/14/10,51
9/15/10,24
9/16/10,78
9/17/10,87
9/18/10,72
9/19/10,20
9/20/10,92
9/21/10,126
9/22/10,68
9/23/10,47
9/24/10,144
9/25/10,113
9/26/10,95
9/27/10,100
9/28/10,35
9/29/10,80
9/30/10,45
10/1/10,103
10/2/10,47
10/3/10,52
10/4/10,186
10/5/10,142
10/6/10,49
10/7/10,95
10/8/10,106
10/9/10,50
10/10/10,82
10/11/10,73
10/12/10,89
10/13/10,56
10/14/10,35
10/15/10,91
10/16/10,6
10/17/10,18
10/18/10,90
10/19/10,43
10/20/10,64
10/21/10,65
10/22/10,50
10/23/10,24
10/24/10,18
10/25/10,36
10/26/10,51
10/27/10,25
10/28/10,80
10/29/10,73
10/30/10,134
10/31/10,86
11/1/10,61
11/2/10,206
11/3/10,55
11/4/10,87
11/5/10,75
11/6/10,53
11/7/10,69
11/8/10,37
11/9/10,132
11/10/10,33
11/11/10,77
11/12/10,67
11/13/10,28
11/14/10,93
11/15/10,62
11/16/10,26
11/17/10,16
11/18/10,58
11/19/10,96
11/20/10,69
11/21/10,67
11/22/10,35
11/23/10,33
11/24/10,166
11/25/10,100
11/26/10,100
11/27/10,91
11/28/10,57
11/29/10,166
11/30/10,198
12/1/10,96
12/2/10,133
12/3/10,95
12/4/10,67
12/5/10,34
12/6/10,99
12/7/10,146
12/8/10,24
12/9/10,66
12/10/10,67
12/11/10,25
12/12/10,30
12/13/10,102
12/14/10,52
12/15/10,42
12/16/10,108
12/17/10,37
12/18/10,60
12/19/10,77
12/20/10,57
12/21/10,64
12/22/10,54
12/23/10,18
12/24/10,82
12/25/10,135
12/26/10,136
12/27/10,50
12/28/10,91
12/29/10,94
12/30/10,60
12/31/10,120
1/1/11,28
1/2/11,41
1/3/11,78
1/4/11,29
1/5/11,26
1/6/11,32
1/7/11,71
1/8/11,91
1/9/11,39
1/10/11,45
1/11/11,17
1/12/11,59
1/13/11,72
1/14/11,23
1/15/11,53
1/16/11,61
1/17/11,59
1/18/11,113
1/19/11,16
1/20/11,81
1/21/11,69
1/22/11,80
1/23/11,81
1/24/11,77
1/25/11,109
1/26/11,33
1/27/11,39
1/28/11,31
1/29/11,42
1/30/11,75
1/31/11,62
2/1/11,111
2/2/11,33
2/3/11,84
2/4/11,117
2/5/11,56
2/6/11,59
2/7/11,63
2/8/11,18
2/9/11,25
2/10/11,71
2/11/11,53
2/12/11,36
2/13/11,118
2/14/11,64
2/15/11,58
2/16/11,33
2/17/11,87
2/18/11,46
2/19/11,29
2/20/11,115
2/21/11,59
2/22/11,73
2/23/11,231
2/24/11,39
2/25/11,103
2/26/11,129
2/27/11,37
2/28/11,103
3/1/11,145
3/2/11,148
3/3/11,76
3/4/11,60
3/5/11,104
3/6/11,58
3/7/11,55
3/8/11,108
3/9/11,79
3/10/11,89
3/11/11,147
3/12/11,65
3/13/11,36
3/14/11,71
3/15/11,104
3/16/11,112
3/17/11,45
3/18/11,192
3/19/11,347
3/20/11,184
3/21/11,233
3/22/11,337
3/23/11,163
3/24/11,127
3/25/11,98
3/26/11,31
3/27/11,38
3/28/11,171
3/29/11,137
3/30/11,147
3/31/11,48
4/1/11,61
4/2/11,86
4/3/11,60
4/4/11,83
4/5/11,58
4/6/11,122
4/7/11,46
4/8/11,77
4/9/11,37
4/10/11,113
4/11/11,10
4/12/11,78
4/13/11,77
4/14/11,24
4/15/11,114
4/16/11,80
4/17/11,57
4/18/11,78
4/19/11,34
4/20/11,58
4/21/11,59
4/22/11,39
4/23/11,46
4/24/11,0
4/25/11,77
4/26/11,123
4/27/11,35
4/28/11,46
4/29/11,62
4/30/11,39
5/1/11,52
5/2/11,213
5/3/11,348
5/4/11,118
5/5/11,68
5/6/11,120
5/7/11,61
5/8/11,115
5/9/11,96
5/10/11,26
5/11/11,68
5/12/11,39
5/13/11,46
5/14/11,50
5/15/11,19
5/16/11,21
5/17/11,70
5/18/11,62
5/19/11,64
5/20/11,54
5/21/11,37
5/22/11,35
5/23/11,104
5/24/11,105
5/25/11,43
5/26/11,39
5/27/11,53
5/28/11,49
5/29/11,39
5/30/11,63
5/31/11,19
6/1/11,34
6/2/11,53
6/3/11,23
6/4/11,19
6/5/11,77
6/6/11,49
6/7/11,62
6/8/11,74
6/9/11,65
6/10/11,63
6/11/11,57
6/12/11,73
6/13/11,20
6/14/11,35
6/15/11,63
6/16/11,75
6/17/11,72
6/18/11,49
6/19/11,96
6/20/11,98
6/21/11,61
6/22/11,60
6/23/11,175
6/24/11,77
6/25/11,52
6/26/11,62
6/27/11,59
6/28/11,9
6/29/11,34
6/30/11,47
7/1/11,30
7/2/11,25
7/3/11,42
7/4/11,59
7/5/11,10
7/6/11,25
7/7/11,91
7/8/11,25
7/9/11,20
7/10/11,19
7/11/11,63
7/12/11,55
7/13/11,34
7/14/11,57
7/15/11,65
7/16/11,40
7/17/11,42
7/18/11,62
7/19/11,37
7/20/11,18
7/21/11,0
7/22/11,56
7/23/11,83
7/24/11,0
7/25/11,68
7/26/11,81
7/27/11,42
7/28/11,25
7/29/11,62
7/30/11,7
7/31/11,43
8/1/11,110
8/2/11,19
8/3/11,44
8/4/11,8
8/5/11,55
8/6/11,34
8/7/11,64
8/8/11,29
8/9/11,9
8/10/11,9
8/11/11,75
8/12/11,24
8/13/11,40
8/14/11,20
8/15/11,29
8/16/11,45
8/17/11,0
8/18/11,49
8/19/11,8
8/20/11,7
8/21/11,41
8/22/11,78
8/23/11,65
8/24/11,44
8/25/11,72
8/26/11,48
8/27/11,26
8/28/11,63
8/29/11,61
8/30/11,39
8/31/11,76
9/1/11,33
9/2/11,31
9/3/11,20
9/4/11,64
9/5/11,31
9/6/11,59
9/7/11,8
9/8/11,54
9/9/11,58
9/10/11,98
9/11/11,197
9/12/11,37
9/13/11,26
9/14/11,16
9/15/11,23
9/16/11,97
9/17/11,76
9/18/11,36
9/19/11,55
9/20/11,43
9/21/11,33
9/22/11,15
9/23/11,90
9/24/11,50
9/25/11,18
9/26/11,18
9/27/11,18
9/28/11,24
9/29/11,38
9/30/11,31
10/1/11,85
10/2/11,86
10/3/11,36
10/4/11,58
10/5/11,25
10/6/11,22
10/7/11,22
10/8/11,52
10/9/11,122
10/10/11,28
10/11/11,37
10/12/11,32
10/13/11,101
10/14/11,40
10/15/11,37
10/16/11,55
10/17/11,28
10/18/11,25
10/19/11,41
10/20/11,53
10/21/11,100
10/22/11,71
10/23/11,87
10/24/11,54
10/25/11,9
10/26/11,41
10/27/11,61
10/28/11,58
10/29/11,13
10/30/11,0
10/31/11,65
11/1/11,46
11/2/11,48
11/3/11,78
11/4/11,86
11/5/11,19
11/6/11,0
11/7/11,74
11/8/11,104
11/9/11,110
11/10/11,122
11/11/11,35
11/12/11,61
11/13/11,105
11/14/11,56
11/15/11,81
11/16/11,32
11/17/11,66
11/18/11,80
11/19/11,50
11/20/11,85
11/21/11,74
11/22/11,97
11/23/11,40
11/24/11,56
11/25/11,45
11/26/11,32
11/27/11,57
11/28/11,56
11/29/11,69
11/30/11,48
12/1/11,29
12/2/11,22
12/3/11,19
12/4/11,54
12/5/11,70
12/6/11,17
12/7/11,25
12/8/11,38
12/9/11,36
12/10/11,32
12/11/11,32
12/12/11,92
12/13/11,35
12/14/11,79
12/15/11,52
12/16/11,108
12/17/11,19
12/18/11,0
12/19/11,35
12/20/11,60
12/21/11,50
12/22/11,25
12/23/11,47
12/24/11,87
12/25/11,0
12/26/11,49
12/27/11,12
12/28/11,63
12/29/11,79
12/30/11,38
12/31/11,60
1/1/12,55
1/2/12,25
1/3/12,67
1/4/12,68
1/5/12,56
1/6/12,135
1/7/12,39
1/8/12,93
1/9/12,89
1/10/12,126
1/11/12,79
1/12/12,60
1/13/12,51
1/14/12,74
1/15/12,55
1/16/12,71
1/17/12,45
1/18/12,25
1/19/12,75
1/20/12,38
1/21/12,25
1/22/12,18
1/23/12,73
1/24/12,82
1/25/12,54
1/26/12,30
1/27/12,38
1/28/12,51
1/29/12,56
1/30/12,18
1/31/12,16
2/1/12,64
2/2/12,50
2/3/12,69
2/4/12,83
2/5/12,55
2/6/12,64
2/7/12,25
2/8/12,40
2/9/12,45
2/10/12,30
2/11/12,69
2/12/12,19
2/13/12,65
2/14/12,58
2/15/12,98
2/16/12,83
2/17/12,53
2/18/12,128
2/19/12,0
2/20/12,108
2/21/12,80
2/22/12,172
2/23/12,89
2/24/12,88
2/25/12,81
2/26/12,79
2/27/12,55
2/28/12,75
2/29/12,36
3/1/12,107
3/2/12,91
3/3/12,118
3/4/12,55
3/5/12,84
3/6/12,198
3/7/12,209
3/8/12,110
3/9/12,60
3/10/12,57
3/11/12,111
3/12/12,95
3/13/12,111
3/14/12,17
3/15/12,62
3/16/12,53
3/17/12,31
3/18/12,20
3/19/12,47
3/20/12,34
3/21/12,80
3/22/12,102
3/23/12,92
3/24/12,43
3/25/12,38
3/26/12,38
3/27/12,18
3/28/12,119
3/29/12,98
3/30/12,55
3/31/12,24
4/1/12,134
4/2/12,28
4/3/12,59
4/4/12,94
4/5/12,122
4/6/12,16
4/7/12,28
4/8/12,48
4/9/12,51
4/10/12,75
4/11/12,69
4/12/12,71
4/13/12,108
4/14/12,74
4/15/12,33
4/16/12,48
4/17/12,54
4/18/12,25
4/19/12,16
4/20/12,23
4/21/12,38
4/22/12,54
4/23/12,9
4/24/12,53
4/25/12,48
4/26/12,54
4/27/12,112
4/28/12,63
4/29/12,88
4/30/12,29
5/1/12,68
5/2/12,0
5/3/12,46
5/4/12,61
5/5/12,43
5/6/12,73
5/7/12,46
5/8/12,45
5/9/12,51
5/10/12,70
5/11/12,38
5/12/12,31
5/13/12,0
5/14/12,56
5/15/12,44
5/16/12,58
5/17/12,39
5/18/12,65
5/19/12,68
5/20/12,53
5/21/12,149
5/22/12,132
5/23/12,52
5/24/12,81
5/25/12,30
5/26/12,70
5/27/12,41
5/28/12,75
5/29/12,76
5/30/12,43
5/31/12,23
6/1/12,37
6/2/12,20
6/3/12,20
6/4/12,22
6/5/12,60
6/6/12,100
6/7/12,64
6/8/12,72
6/9/12,13
6/10/12,0
6/11/12,29
6/12/12,17
6/13/12,34
6/14/12,55
6/15/12,32
6/16/12,33
6/17/12,0
6/18/12,49
6/19/12,55
6/20/12,68
6/21/12,24
6/22/12,23
6/23/12,52
6/24/12,19
6/25/12,31
6/26/12,180
6/27/12,43
6/28/12,59
6/29/12,24
6/30/12,19
7/1/12,21
7/2/12,84
7/3/12,19
7/4/12,86
7/5/12,18
7/6/12,43
7/7/12,13
7/8/12,66
7/9/12,51
7/10/12,96
7/11/12,9
7/12/12,44
7/13/12,82
7/14/12,7
7/15/12,64
7/16/12,62
7/17/12,120
7/18/12,18
7/19/12,48
7/20/12,136
7/21/12,33
7/22/12,63
7/23/12,39
7/24/12,98
7/25/12,68
7/26/12,8
7/27/12,69
7/28/12,55
7/29/12,82
7/30/12,94
7/31/12,89
8/1/12,77
8/2/12,131
8/3/12,39
8/4/12,13
8/5/12,19
8/6/12,40
8/7/12,59
8/8/12,18
8/9/12,23
8/10/12,23
8/11/12,34
8/12/12,39
8/13/12,34
8/14/12,46
8/15/12,53
8/16/12,66
8/17/12,55
8/18/12,21
8/19/12,39
8/20/12,86
8/21/12,105
8/22/12,62
8/23/12,48
8/24/12,48
8/25/12,7
8/26/12,19
8/27/12,31
8/28/12,60
8/29/12,81
8/30/12,48
8/31/12,45
9/1/12,39
9/2/12,101
9/3/12,33
9/4/12,46
9/5/12,34
9/6/12,52
9/7/12,52
9/8/12,45
9/9/12,16
9/10/12,21
9/11/12,85
9/12/12,68
9/13/12,46
9/14/12,97
9/15/12,32
9/16/12,36
9/17/12,112
9/18/12,156
9/19/12,34
9/20/12,55
9/21/12,24
9/22/12,26
9/23/12,90
9/24/12,59
9/25/12,46
9/26/12,93
9/27/12,94
9/28/12,158
9/29/12,46
9/30/12,126
10/1/12,68
10/2/12,70
10/3/12,69
10/4/12,38
10/5/12,63
10/6/12,53
10/7/12,55
10/8/12,126
10/9/12,113
10/10/12,84
10/11/12,31
10/12/12,22
10/13/12,46
10/14/12,0
10/15/12,53
10/16/12,82
10/17/12,50
10/18/12,99
10/19/12,64
10/20/12,32
10/21/12,142
10/22/12,84
10/23/12,118
10/24/12,122
10/25/12,75
10/26/12,39
10/27/12,46
10/28/12,35
10/29/12,63
10/30/12,47
10/31/12,74
11/1/12,38
11/2/12,15
11/3/12,19
11/4/12,36
11/5/12,69
11/6/12,45
11/7/12,31
11/8/12,66
11/9/12,47
11/10/12,24
11/11/12,130
11/12/12,75
11/13/12,31
11/14/12,45
11/15/12,83
11/16/12,126
11/17/12,103
11/18/12,125
11/19/12,141
11/20/12,70
11/21/12,45
11/22/12,69
11/23/12,71
11/24/12,32
11/25/12,58
11/26/12,44
11/27/12,41
11/28/12,29
11/29/12,33
11/30/12,33
12/1/12,55
12/2/12,82
12/3/12,42
12/4/12,54
12/5/12,80
12/6/12,50
12/7/12,78
12/8/12,19
12/9/12,194
12/10/12,82
12/11/12,16
12/12/12,69
12/13/12,60
12/14/12,42
12/15/12,20
12/16/12,16
12/17/12,61
12/18/12,77
12/19/12,62
12/20/12,35
12/21/12,124
12/22/12,14
12/23/12,68
12/24/12,42
12/25/12,0
12/26/12,25
12/27/12,27
12/28/12,54
12/29/12,16
12/30/12,78
12/31/12,62
1/1/13,25
1/2/13,39
1/3/13,22
1/4/13,31
1/5/13,51
1/6/13,38
1/7/13,33
1/8/13,77
1/9/13,44
1/10/13,74
1/11/13,21
1/12/13,54
1/13/13,145
1/14/13,123
1/15/13,98
1/16/13,102
1/17/13,103
1/18/13,120
1/19/13,151
1/20/13,95
1/21/13,187
1/22/13,153
1/23/13,99
1/24/13,85
1/25/13,151
1/26/13,76
1/27/13,137
1/28/13,69
1/29/13,35
1/30/13,70
1/31/13,89
2/1/13,124
2/2/13,150
2/3/13,187
2/4/13,37
2/5/13,57
2/6/13,65
2/7/13,79
2/8/13,101
2/9/13,22
2/10/13,27
2/11/13,31
2/12/13,87
2/13/13,68
2/14/13,40
2/15/13,67
2/16/13,11
2/17/13,59
2/18/13,34
2/19/13,92
2/20/13,23
2/21/13,108
2/22/13,75
2/23/13,23
2/24/13,46
2/25/13,32
2/26/13,40
2/27/13,90
2/28/13,30
3/1/13,16
3/2/13,32
3/3/13,347
3/4/13,25
3/5/13,108
3/6/13,140
3/7/13,198
3/8/13,214
3/9/13,37
3/10/13,75
3/11/13,176
3/12/13,89
3/13/13,28
3/14/13,5
3/15/13,69
3/16/13,44
3/17/13,39
3/18/13,9
3/19/13,52
3/20/13,44
3/21/13,122
3/22/13,52
3/23/13,30
3/24/13,19
3/25/13,39
3/26/13,36
3/27/13,88
3/28/13,50
3/29/13,86
3/30/13,49
3/31/13,55
4/1/13,90
4/2/13,85
4/3/13,61
4/4/13,183
4/5/13,100
4/6/13,121
4/7/13,133
4/8/13,112
4/9/13,144
4/10/13,96
4/11/13,84
4/12/13,141
4/13/13,71
4/14/13,15
4/15/13,148
4/16/13,78
4/17/13,178
4/18/13,60
4/19/13,63
4/20/13,100
4/21/13,151
4/22/13,73
4/23/13,170
4/24/13,49
4/25/13,56
4/26/13,109
4/27/13,95
4/28/13,106
4/29/13,75
4/30/13,46
5/1/13,105
5/2/13,13
5/3/13,62
5/4/13,26
5/5/13,48
5/6/13,26
5/7/13,59
5/8/13,21
5/9/13,57
5/10/13,67
5/11/13,48
5/12/13,47
5/13/13,101
5/14/13,46
5/15/13,50
5/16/13,73
5/17/13,43
5/18/13,49
5/19/13,31
5/20/13,112
5/21/13,78
5/22/13,35
5/23/13,116
5/24/13,57
5/25/13,154
5/26/13,78
5/27/13,123
5/28/13,118
5/29/13,30
5/30/13,81
5/31/13,74
6/1/13,76
6/2/13,106
6/3/13,93
6/4/13,45
6/5/13,68
6/6/13,62
6/7/13,192
6/8/13,73
6/9/13,121
6/10/13,53
6/11/13,137
6/12/13,79
6/13/13,77
6/14/13,50
6/15/13,45
6/16/13,93
6/17/13,72
6/18/13,57
6/19/13,45
6/20/13,52
6/21/13,78
6/22/13,55
6/23/13,75
6/24/13,50
6/25/13,16
6/26/13,64
6/27/13,22
6/28/13,36
6/29/13,20
6/30/13,33
7/1/13,18
7/2/13,56
7/3/13,15
7/4/13,78
7/5/13,79
7/6/13,41
7/7/13,108
7/8/13,47
7/9/13,8
7/10/13,8
7/11/13,60
7/12/13,67
7/13/13,32
7/14/13,36
7/15/13,63
7/16/13,81
7/17/13,61
7/18/13,40
7/19/13,52
7/20/13,19
7/21/13,0
7/22/13,18
7/23/13,41
7/24/13,24
7/25/13,55
7/26/13,22
7/27/13,45
7/28/13,70
7/29/13,19
7/30/13,56
7/31/13,8
8/1/13,75
8/2/13,30
8/3/13,67
8/4/13,33
8/5/13,54
8/6/13,141
8/7/13,93
8/8/13,133
8/9/13,104
8/10/13,142
8/11/13,126
8/12/13,71
8/13/13,34
8/14/13,63
8/15/13,21
8/16/13,90
8/17/13,47
8/18/13,95
8/19/13,55
8/20/13,69
8/21/13,58
8/22/13,8
8/23/13,58
8/24/13,41
8/25/13,19
8/26/13,78
8/27/13,113
8/28/13,301
8/29/13,292
8/30/13,255
8/31/13,236
9/1/13,310
9/2/13,279
9/3/13,316
9/4/13,237
9/5/13,214
9/6/13,147
9/7/13,122
9/8/13,193
9/9/13,192
9/10/13,299
9/11/13,186
9/12/13,156
9/13/13,172
9/14/13,90
9/15/13,95
9/16/13,177
9/17/13,189
9/18/13,60
9/19/13,35
9/20/13,108
9/21/13,102
9/22/13,153
9/23/13,108
9/24/13,116
9/25/13,98
9/26/13,117
9/27/13,45
9/28/13,47
9/29/13,18
9/30/13,36
10/1/13,82
10/2/13,57
10/3/13,35
10/4/13,84
10/5/13,72
10/6/13,83
10/7/13,91
10/8/13,79
10/9/13,83
10/10/13,43
10/11/13,53
10/12/13,60
10/13/13,17
10/14/13,9
10/15/13,61
10/16/13,61
10/17/13,42
10/18/13,51
10/19/13,67
10/20/13,15
10/21/13,53
10/22/13,113
10/23/13,73
10/24/13,50
10/25/13,40
10/26/13,41
10/27/13,67
10/28/13,76
10/29/13,55
10/30/13,40
10/31/13,63
11/1/13,83
11/2/13,32
11/3/13,15
11/4/13,36
11/5/13,34
11/6/13,33
11/7/13,49
11/8/13,97
11/9/13,32
11/10/13,16
11/11/13,26
11/12/13,51
11/13/13,65
11/14/13,52
11/15/13,78
11/16/13,33
11/17/13,77
11/18/13,27
11/19/13,35
11/20/13,32
11/21/13,84
11/22/13,45
11/23/13,26
11/24/13,62
11/25/13,169
11/26/13,214
11/27/13,87
11/28/13,81
11/29/13,107
11/30/13,59
12/1/13,86
12/2/13,47
12/3/13,54
12/4/13,101
12/5/13,99
12/6/13,60
12/7/13,54
12/8/13,79
12/9/13,51
12/10/13,69
12/11/13,33
12/12/13,64
12/13/13,0
12/14/13,34
12/15/13,33
12/16/13,18
12/17/13,59
12/18/13,60
12/19/13,66
12/20/13,137
12/21/13,77
12/22/13,68
12/23/13,38
12/24/13,41
12/25/13,69
12/26/13,85
12/27/13,148
12/28/13,51
12/29/13,57
12/30/13,32
12/31/13,105
1/1/14,63
1/2/14,112
1/3/14,101
1/4/14,36
1/5/14,37
1/6/14,29
1/7/14,53
1/8/14,73
1/9/14,0
1/10/14,108
1/11/14,19
1/12/14,37
1/13/14,100
1/14/14,17
1/15/14,126
1/16/14,36
1/17/14,46
1/18/14,32
1/19/14,72
1/20/14,79
1/21/14,66
1/22/14,82
1/23/14,73
1/24/14,47
1/25/14,88
1/26/14,72
1/27/14,27
1/28/14,79
1/29/14,72
1/30/14,28
1/31/14,54
2/1/14,54
2/2/14,36
2/3/14,81
2/4/14,45
2/5/14,100
2/6/14,50
2/7/14,40
2/8/14,64
2/9/14,0
2/10/14,59
2/11/14,17
2/12/14,96
2/13/14,35
2/14/14,68
2/15/14,39
2/16/14,34
2/17/14,85
2/18/14,101
2/19/14,39
2/20/14,73
2/21/14,39
2/22/14,19
2/23/14,82
2/24/14,109
2/25/14,92
2/26/14,73
2/27/14,43
2/28/14,31
3/1/14,116
3/2/14,69
3/3/14,337
3/4/14,411
3/5/14,420
3/6/14,135
3/7/14,169
3/8/14,84
3/9/14,158
3/10/14,45
3/11/14,52
3/12/14,65
3/13/14,111
3/14/14,142
3/15/14,131
3/16/14,147
3/17/14,199
3/18/14,208
3/19/14,140
3/20/14,172
3/21/14,114
3/22/14,83
3/23/14,63
3/24/14,92
3/25/14,210
3/26/14,157
3/27/14,118
3/28/14,60
3/29/14,121
3/30/14,96
3/31/14,121
4/1/14,59
4/2/14,74
4/3/14,64
4/4/14,56
4/5/14,61
4/6/14,34
4/7/14,153
4/8/14,43
4/9/14,148
4/10/14,71
4/11/14,53
4/12/14,84
4/13/14,50
4/14/14,60
4/15/14,183
4/16/14,112
4/17/14,86
4/18/14,49
4/19/14,91
4/20/14,116
4/21/14,64
4/22/14,148
4/23/14,72
4/24/14,116
4/25/14,74
4/26/14,154
4/27/14,33
4/28/14,77
4/29/14,102
4/30/14,134
5/1/14,112
5/2/14,112
5/3/14,109
5/4/14,80
5/5/14,48
5/6/14,74
5/7/14,36
5/8/14,166
5/9/14,135
5/10/14,86
5/11/14,91
5/12/14,40
5/13/14,76
5/14/14,80
5/15/14,20
5/16/14,50
5/17/14,65
5/18/14,77
5/19/14,105
5/20/14,71
5/21/14,49
5/22/14,51
5/23/14,76
5/24/14,77
5/25/14,116
5/26/14,79
5/27/14,59
5/28/14,91
5/29/14,112
5/30/14,73
5/31/14,60
6/1/14,70
6/2/14,19
6/3/14,89
6/4/14,94
6/5/14,75
6/6/14,115
6/7/14,85
6/8/14,105
6/9/14,76
6/10/14,171
6/11/14,90
6/12/14,85
6/13/14,121
6/14/14,77
6/15/14,123
6/16/14,140
6/17/14,289
6/18/14,165
6/19/14,79
6/20/14,185
6/21/14,51
6/22/14,66
6/23/14,94
6/24/14,126
6/25/14,105
6/26/14,86
6/27/14,162
6/28/14,26
6/29/14,106
6/30/14,97
7/1/14,192
7/2/14,126
7/3/14,106
7/4/14,150
7/5/14,95
7/6/14,0
7/7/14,188
7/8/14,120
7/9/14,126
7/10/14,123
7/11/14,130
7/12/14,98
7/13/14,96
7/14/14,128
7/15/14,63
7/16/14,162
7/17/14,69
7/18/14,273
7/19/14,279
7/20/14,167
7/21/14,162
7/22/14,148
7/23/14,245
7/24/14,228
7/25/14,186
7/26/14,150
7/27/14,115
7/28/14,124
7/29/14,151
7/30/14,149
7/31/14,121
8/1/14,193
8/2/14,158
8/3/14,18
8/4/14,255
8/5/14,93
8/6/14,150
8/7/14,88
8/8/14,306
8/9/14,215
8/10/14,153
8/11/14,265
8/12/14,340
8/13/14,242
8/14/14,302
8/15/14,332
8/16/14,189
8/17/14,151
8/18/14,73
8/19/14,301
8/20/14,220
8/21/14,126
8/22/14,279
8/23/14,177
8/24/14,213
8/25/14,247
8/26/14,180
8/27/14,225
8/28/14,122
8/29/14,114
8/30/14,181
8/31/14,149
9/1/14,173
9/2/14,405
9/3/14,245
9/4/14,386
9/5/14,231
9/6/14,203
9/7/14,144
9/8/14,253
9/9/14,295
9/10/14,143
9/11/14,270
9/12/14,294
9/13/14,98
9/14/14,146
9/15/14,275
9/16/14,349
9/17/14,145
9/18/14,162
9/19/14,212
9/20/14,131
9/21/14,33
9/22/14,103
9/23/14,162
9/24/14,314
9/25/14,231
9/26/14,303
9/27/14,274
9/28/14,84
9/29/14,139
9/30/14,188
10/1/14,119
10/2/14,86
10/3/14,169
10/4/14,151
10/5/14,65
10/6/14,94
10/7/14,94
10/8/14,189
10/9/14,182
10/10/14,144
10/11/14,76
10/12/14,50
10/13/14,132
10/14/14,70
10/15/14,222
10/16/14,181
10/17/14,137
10/18/14,225
10/19/14,49
10/20/14,135
10/21/14,78
10/22/14,134
10/23/14,160
10/24/14,103
10/25/14,136
10/26/14,48
10/27/14,262
10/28/14,131
10/29/14,121
10/30/14,142
10/31/14,55
11/1/14,117
11/2/14,99
11/3/14,48
11/4/14,170
11/5/14,114
11/6/14,89
11/7/14,125
11/8/14,87
11/9/14,87
11/10/14,179
11/11/14,124
11/12/14,120
11/13/14,55
11/14/14,113
11/15/14,72
11/16/14,67
11/17/14,138
11/18/14,91
11/19/14,120
11/20/14,76
11/21/14,104
11/22/14,28
11/23/14,126
11/24/14,113
11/25/14,203
11/26/14,153
11/27/14,78
11/28/14,52
11/29/14,66
11/30/14,71
12/1/14,40
12/2/14,76
12/3/14,99
12/4/14,102
12/5/14,77
12/6/14,176
12/7/14,87
12/8/14,87
12/9/14,84
12/10/14,89
12/11/14,40
12/12/14,54
12/13/14,21
12/14/14,18
12/15/14,91
12/16/14,188
12/17/14,137
12/18/14,74
12/19/14,44
12/20/14,77
12/21/14,38
12/22/14,32
12/23/14,54
12/24/14,263
12/25/14,68
12/26/14,38
12/27/14,60
12/28/14,45
12/29/14,167
12/30/14,117
12/31/14,107
1/1/15,107
1/2/15,166
1/3/15,76
1/4/15,43
1/5/15,84
1/6/15,85
1/7/15,92
1/8/15,144
1/9/15,230
1/10/15,128
1/11/15,136
1/12/15,202
1/13/15,145
1/14/15,231
1/15/15,103
1/16/15,185
1/17/15,109
1/18/15,139
1/19/15,169
1/20/15,156
1/21/15,207
1/22/15,135
1/23/15,112
1/24/15,108
1/25/15,168
1/26/15,82
1/27/15,110
1/28/15,137
1/29/15,87
1/30/15,56
1/31/15,64
2/1/15,166
2/2/15,41
2/3/15,94
2/4/15,106
2/5/15,120
2/6/15,114
2/7/15,125
2/8/15,57
2/9/15,135
2/10/15,106
2/11/15,179
2/12/15,99
2/13/15,217
2/14/15,101
2/15/15,97
2/16/15,84
2/17/15,149
2/18/15,146
2/19/15,108
2/20/15,121
2/21/15,90
2/22/15,115
2/23/15,204
2/24/15,146
2/25/15,121
2/26/15,58
2/27/15,90
2/28/15,135
3/1/15,145
3/2/15,134
3/3/15,185
3/4/15,168
3/5/15,36
3/6/15,34
3/7/15,37
3/8/15,19
3/9/15,116
3/10/15,40
3/11/15,115
3/12/15,77
3/13/15,100
3/14/15,95
3/15/15,145
3/16/15,167
3/17/15,59
3/18/15,79
3/19/15,24
3/20/15,18
3/21/15,62
3/22/15,77
3/23/15,53
3/24/15,72
3/25/15,79
3/26/15,121
3/27/15,225
3/28/15,142
3/29/15,126
3/30/15,111
3/31/15,176
4/1/15,97
4/2/15,93
4/3/15,111
4/4/15,99
4/5/15,75
4/6/15,118
4/7/15,132
4/8/15,89
4/9/15,86
4/10/15,166
4/11/15,118
4/12/15,0
4/13/15,74
4/14/15,113
4/15/15,165
4/16/15,102
4/17/15,89
4/18/15,57
4/19/15,113
4/20/15,120
4/21/15,98
4/22/15,112
4/23/15,98
4/24/15,169
4/25/15,66
4/26/15,77
4/27/15,87
4/28/15,71
4/29/15,56
4/30/15,118
5/1/15,59
5/2/15,32
5/3/15,57
5/4/15,32
5/5/15,22
5/6/15,122
5/7/15,87
5/8/15,36
5/9/15,76
5/10/15,57
5/11/15,129
5/12/15,176
5/13/15,85
5/14/15,102
5/15/15,117
5/16/15,70
5/17/15,146
5/18/15,168
5/19/15,180
5/20/15,65
5/21/15,77
5/22/15,72
5/23/15,50
5/24/15,39
5/25/15,72
5/26/15,70
5/27/15,109
5/28/15,94
5/29/15,116
5/30/15,75
5/31/15,78
6/1/15,88
6/2/15,147
6/3/15,122
6/4/15,103
6/5/15,34
6/6/15,56
6/7/15,96
6/8/15,70
6/9/15,81
6/10/15,95
6/11/15,77
6/12/15,69
6/13/15,49
6/14/15,54
6/15/15,123
6/16/15,110
6/17/15,130
6/18/15,71
6/19/15,80
6/20/15,50
6/21/15,20
6/22/15,57
6/23/15,30
6/24/15,78
6/25/15,115
6/26/15,35
6/27/15,43
6/28/15,111
6/29/15,132
6/30/15,66
7/1/15,167
7/2/15,140
7/3/15,86
7/4/15,95
7/5/15,111
7/6/15,188
7/7/15,71
7/8/15,59
7/9/15,111
7/10/15,125
7/11/15,34
7/12/15,80
7/13/15,132
7/14/15,103
7/15/15,145
7/16/15,157
7/17/15,98
7/18/15,68
7/19/15,118
7/20/15,84
7/21/15,103
7/22/15,113
7/23/15,73
7/24/15,135
7/25/15,95
7/26/15,102
7/27/15,134
7/28/15,161
7/29/15,59
7/30/15,38
7/31/15,73
8/1/15,62
8/2/15,70
8/3/15,87
8/4/15,68
8/5/15,51
8/6/15,57
8/7/15,39
8/8/15,61
8/9/15,83
8/10/15,23
8/11/15,74
8/12/15,94
8/13/15,49
8/14/15,172
8/15/15,71
8/16/15,40
8/17/15,12
8/18/15,80
8/19/15,61
8/20/15,63
8/21/15,196
8/22/15,131
8/23/15,98
8/24/15,155
8/25/15,268
8/26/15,72
8/27/15,88
8/28/15,40
8/29/15,109
8/30/15,76
8/31/15,122
9/1/15,117
9/2/15,38
9/3/15,93
9/4/15,105
9/5/15,136
9/6/15,37
9/7/15,122
9/8/15,95
9/9/15,83
9/10/15,72
9/11/15,34
9/12/15,93
9/13/15,53
9/14/15,20
9/15/15,109
9/16/15,45
9/17/15,86
9/18/15,59
9/19/15,54
9/20/15,69
9/21/15,86
9/22/15,59
9/23/15,54
9/24/15,100
9/25/15,51
9/26/15,108
9/27/15,81
9/28/15,79
9/29/15,86
9/30/15,102
10/1/15,50
10/2/15,109
10/3/15,40
10/4/15,34
10/5/15,88
10/6/15,67
10/7/15,85
10/8/15,63
10/9/15,108
10/10/15,91
10/11/15,127
10/12/15,99
10/13/15,98
10/14/15,100
10/15/15,85
10/16/15,44
10/17/15,67
10/18/15,106
10/19/15,68
10/20/15,20
10/21/15,64
10/22/15,76
10/23/15,51
10/24/15,44
10/25/15,72
10/26/15,21
10/27/15,88
10/28/15,145
10/29/15,78
10/30/15,79
10/31/15,73
11/1/15,96
11/2/15,134
11/3/15,128
11/4/15,82
11/5/15,89
11/6/15,153
11/7/15,65
11/8/15,78
11/9/15,61
11/10/15,110
11/11/15,39
11/12/15,93
11/13/15,51
11/14/15,77
11/15/15,200
11/16/15,589
11/17/15,653
11/18/15,525
11/19/15,373
11/20/15,350
11/21/15,344
11/22/15,382
11/23/15,411
11/24/15,469
11/25/15,353
11/26/15,208
11/27/15,431
11/28/15,240
11/29/15,85
11/30/15,183
12/1/15,273
12/2/15,273
12/3/15,248
12/4/15,205
12/5/15,79
12/6/15,255
12/7/15,196
12/8/15,329
12/9/15,133
12/10/15,98
12/11/15,106
12/12/15,104
12/13/15,39
12/14/15,84
12/15/15,111
12/16/15,240
12/17/15,152
12/18/15,88
12/19/15,139
12/20/15,297
12/21/15,161
12/22/15,63
12/23/15,180
12/24/15,116
12/25/15,176
12/26/15,163
12/27/15,195
12/28/15,277
12/29/15,128
12/30/15,160
12/31/15,183
1/1/16,156
1/2/16,102
1/3/16,88
1/4/16,198
1/5/16,258
1/6/16,219
1/7/16,256
1/8/16,183
1/9/16,163
1/10/16,165
1/11/16,106
1/12/16,317
1/13/16,159
1/14/16,137
1/15/16,77
1/16/16,55
1/17/16,59
1/18/16,118
1/19/16,195
1/20/16,257
1/21/16,77
1/22/16,154
1/23/16,91
1/24/16,82
1/25/16,94
1/26/16,67
1/27/16,133
1/28/16,86
1/29/16,185
1/30/16,26
1/31/16,99
2/1/16,176
2/2/16,41
2/3/16,59
2/4/16,110
2/5/16,51
2/6/16,49
2/7/16,61
2/8/16,76
2/9/16,124
2/10/16,134
2/11/16,81
2/12/16,154
2/13/16,76
2/14/16,78
2/15/16,88
2/16/16,190
2/17/16,110
2/18/16,201
2/19/16,42
2/20/16,40
2/21/16,56
2/22/16,96
2/23/16,75
2/24/16,101
2/25/16,78
2/26/16,57
2/27/16,52
2/28/16,19
2/29/16,40
3/1/16,19
3/2/16,91
3/3/16,83
3/4/16,93
3/5/16,78
3/6/16,113
3/7/16,20
3/8/16,116
3/9/16,70
3/10/16,79
3/11/16,60
3/12/16,40
3/13/16,41
3/14/16,116
3/15/16,106
3/16/16,61
3/17/16,60
3/18/16,25
3/19/16,49
3/20/16,91
3/21/16,59
3/22/16,96
3/23/16,370
3/24/16,209
3/25/16,224
3/26/16,89
3/27/16,166
3/28/16,113
3/29/16,93
3/30/16,126
3/31/16,68
4/1/16,180
4/2/16,69
4/3/16,70
4/4/16,78
4/5/16,67
4/6/16,37
4/7/16,193
4/8/16,25
4/9/16,59
4/10/16,60
4/11/16,93
4/12/16,75
4/13/16,105
4/14/16,112
4/15/16,90
4/16/16,75
4/17/16,40
4/18/16,91
4/19/16,166
4/20/16,99
4/21/16,56
4/22/16,121
4/23/16,70
4/24/16,59
4/25/16,32
4/26/16,78
4/27/16,18
4/28/16,97
4/29/16,120
4/30/16,41
5/1/16,59
5/2/16,57
5/3/16,40
5/4/16,96
5/5/16,27
5/6/16,59
5/7/16,33
5/8/16,63
5/9/16,34
5/10/16,87
5/11/16,146
5/12/16,71
5/13/16,9
5/14/16,67
5/15/16,42
5/16/16,117
5/17/16,137
5/18/16,66
5/19/16,86
5/20/16,215
5/21/16,114
5/22/16,111
5/23/16,48
5/24/16,9
5/25/16,216
5/26/16,57
5/27/16,68
5/28/16,53
5/29/16,0
5/30/16,152
5/31/16,154
6/1/16,119
6/2/16,145
6/3/16,184
6/4/16,111
6/5/16,24
6/6/16,82
6/7/16,194
6/8/16,136
6/9/16,229
6/10/16,137
6/11/16,36
6/12/16,45
6/13/16,141
6/14/16,183
6/15/16,232
6/16/16,211
6/17/16,130
6/18/16,57
6/19/16,151
6/20/16,59
6/21/16,98
6/22/16,86
6/23/16,167
6/24/16,52
6/25/16,75
6/26/16,108
6/27/16,91
6/28/16,29
6/29/16,108
6/30/16,125
7/1/16,100
7/2/16,79
7/3/16,130
7/4/16,110
7/5/16,137
7/6/16,89
7/7/16,419
7/8/16,163
7/9/16,103
7/10/16,0
7/11/16,182
7/12/16,100
7/13/16,126
7/14/16,149
7/15/16,88
7/16/16,222
7/17/16,161
7/18/16,194
7/19/16,159
7/20/16,60
7/21/16,128
7/22/16,86
7/23/16,92
7/24/16,121
7/25/16,74
7/26/16,73
7/27/16,100
7/28/16,98
7/29/16,133
7/30/16,124
7/31/16,124
8/1/16,53
8/2/16,69
8/3/16,155
8/4/16,161
8/5/16,91
8/6/16,84
8/7/16,185
8/8/16,92
8/9/16,130
8/10/16,82
8/11/16,149
8/12/16,196
8/13/16,114
8/14/16,92
8/15/16,119
8/16/16,100
8/17/16,20
8/18/16,47
8/19/16,161
8/20/16,53
8/21/16,47
8/22/16,85
8/23/16,135
8/24/16,167
8/25/16,129
8/26/16,91
8/27/16,48
8/28/16,102
8/29/16,63
8/30/16,111
8/31/16,91
9/1/16,83
9/2/16,39
9/3/16,62
9/4/16,46
9/5/16,40
9/6/16,117
9/7/16,10
9/8/16,93
9/9/16,129
9/10/16,149
9/11/16,61
9/12/16,66
9/13/16,52
9/14/16,181
9/15/16,118
9/16/16,18
9/17/16,45
9/18/16,121
9/19/16,105
9/20/16,134
9/21/16,167
9/22/16,91
9/23/16,136
9/24/16,129
9/25/16,80
9/26/16,67
9/27/16,91
9/28/16,28
9/29/16,18
9/30/16,125
10/1/16,97
10/2/16,126
10/3/16,23
10/4/16,95
10/5/16,124
10/6/16,85
10/7/16,116
10/8/16,107
10/9/16,104
10/10/16,94
10/11/16,84
10/12/16,58
10/13/16,47
10/14/16,112
10/15/16,32
10/16/16,61
10/17/16,165
10/18/16,103
10/19/16,49
10/20/16,54
10/21/16,120
10/22/16,9
10/23/16,61
10/24/16,57
10/25/16,119
10/26/16,30
10/27/16,81
10/28/16,70
10/29/16,138
10/30/16,46
10/31/16,95
11/1/16,107
11/2/16,76
11/3/16,78
11/4/16,67
11/5/16,130
11/6/16,22
11/7/16,61
11/8/16,54
11/9/16,137
11/10/16,94
11/11/16,78
11/12/16,88
11/13/16,111
11/14/16,100
11/15/16,246
11/16/16,107
11/17/16,87
11/18/16,124
11/19/16,130
11/20/16,110
11/21/16,79
11/22/16,85
11/23/16,111
11/24/16,221
11/25/16,96
11/26/16,53
11/27/16,94
11/28/16,140
11/29/16,183
11/30/16,53
12/1/16,38
12/2/16,90
12/3/16,158
12/4/16,22
12/5/16,59
12/6/16,149
12/7/16,34
12/8/16,181
12/9/16,117
12/10/16,47
12/11/16,72
12/12/16,133
12/13/16,99
12/14/16,45
12/15/16,88
12/16/16,126
12/17/16,123
12/18/16,140
12/19/16,96
12/20/16,246
12/21/16,134
12/22/16,67
12/23/16,213
12/24/16,178
12/25/16,60
12/26/16,207
12/27/16,33
12/28/16,142
12/29/16,132
12/30/16,127
12/31/16,257
1/1/17,151
1/2/17,96
1/3/17,174
1/4/17,88
1/5/17,52
1/6/17,79
1/7/17,113
1/8/17,124
1/9/17,86
1/10/17,132
1/11/17,135
1/12/17,89
1/13/17,120
1/14/17,253
1/15/17,71
1/16/17,115
1/17/17,158
1/18/17,80
1/19/17,125
1/20/17,164
1/21/17,147
1/22/17,24
1/23/17,60
1/24/17,153
1/25/17,111
1/26/17,129
1/27/17,39
1/28/17,89
1/29/17,97
1/30/17,191
1/31/17,282
2/1/17,153
2/2/17,87
2/3/17,166
2/4/17,87
2/5/17,119
2/6/17,184
2/7/17,236
2/8/17,43
2/9/17,99
2/10/17,160
2/11/17,158
2/12/17,96
2/13/17,173
2/14/17,133
2/15/17,97
2/16/17,151
2/17/17,66
2/18/17,61
2/19/17,118
2/20/17,65
2/21/17,147
2/22/17,160
2/23/17,168
2/24/17,218
2/25/17,108
2/26/17,44
2/27/17,69
2/28/17,134
3/1/17,104
3/2/17,153
3/3/17,123
3/4/17,60
3/5/17,94
3/6/17,119
3/7/17,196
3/8/17,161
3/9/17,135
3/10/17,122
3/11/17,76
3/12/17,152
3/13/17,105
3/14/17,44
3/15/17,96
3/16/17,151
3/17/17,143
3/18/17,147
3/19/17,124
3/20/17,136
3/21/17,121
3/22/17,143
3/23/17,192
3/24/17,214
3/25/17,138
3/26/17,178
3/27/17,200
3/28/17,57
3/29/17,53
3/30/17,50
3/31/17,56
4/1/17,103
4/2/17,45
4/3/17,167
4/4/17,168
4/5/17,204
4/6/17,138
4/7/17,138
4/8/17,276
4/9/17,136
4/10/17,198
4/11/17,118
4/12/17,165
4/13/17,188
4/14/17,217
4/15/17,275
4/16/17,150
4/17/17,133
4/18/17,299
4/19/17,279
4/20/17,219
4/21/17,134
4/22/17,98
4/23/17,99
4/24/17,145
4/25/17,123
4/26/17,132
4/27/17,115
4/28/17,218
4/29/17,208
4/30/17,194
5/1/17,174
5/2/17,170
5/3/17,136
5/4/17,96
5/5/17,122
5/6/17,140
5/7/17,71
5/8/17,134
5/9/17,163
5/10/17,268
5/11/17,155
5/12/17,109
5/13/17,152
5/14/17,153
5/15/17,142
5/16/17,129
5/17/17,107
5/18/17,179
5/19/17,57
5/20/17,68
5/21/17,85
5/22/17,48
5/23/17,119
5/24/17,319
5/25/17,279
5/26/17,412
5/27/17,259
5/28/17,249
5/29/17,143
5/30/17,260
5/31/17,139
6/1/17,255
6/2/17,162
6/3/17,148
6/4/17,155
6/5/17,390
6/6/17,361
6/7/17,242
6/8/17,204
6/9/17,174
6/10/17,52
6/11/17,86
6/12/17,72
6/13/17,71
6/14/17,41
6/15/17,113
6/16/17,19
6/17/17,108
6/18/17,117
6/19/17,65
6/20/17,156
6/21/17,137
6/22/17,81
6/23/17,154
6/24/17,65
6/25/17,138
6/26/17,166
6/27/17,99
6/28/17,173
6/29/17,126
6/30/17,78
7/1/17,47
7/2/17,46
7/3/17,127
7/4/17,61
7/5/17,209
7/6/17,186
7/7/17,162
7/8/17,71
7/9/17,95
7/10/17,62
7/11/17,99
7/12/17,95
7/13/17,50
7/14/17,78
7/15/17,54
7/16/17,46
7/17/17,49
7/18/17,37
7/19/17,118
7/20/17,50
7/21/17,39
7/22/17,128
7/23/17,45
7/24/17,144
7/25/17,111
7/26/17,87
7/27/17,62
7/28/17,96
7/29/17,18
7/30/17,182
7/31/17,198
8/1/17,102
8/2/17,104
8/3/17,130
8/4/17,80
8/5/17,103
8/6/17,77
8/7/17,149
8/8/17,156
8/9/17,229
8/10/17,560
8/11/17,272
8/12/17,501
8/13/17,344
8/14/17,202
8/15/17,339
8/16/17,175
8/17/17,221
8/18/17,306
8/19/17,82
8/20/17,147
8/21/17,196
8/22/17,216
8/23/17,166
8/24/17,160
8/25/17,115
8/26/17,159
8/27/17,96
8/28/17,62
8/29/17,101
8/30/17,379
8/31/17,190
9/1/17,70
9/2/17,119
9/3/17,111
9/4/17,312
9/5/17,296
9/6/17,251
9/7/17,143
9/8/17,139
9/9/17,133
9/10/17,80
9/11/17,106
9/12/17,156
9/13/17,129
9/14/17,124
9/15/17,108
9/16/17,203
9/17/17,68
9/18/17,233
9/19/17,155
9/20/17,94
9/21/17,87
9/22/17,100
9/23/17,216
9/24/17,148
9/25/17,124
9/26/17,175
9/27/17,185
9/28/17,139
9/29/17,152
9/30/17,67
10/1/17,94
10/2/17,208
10/3/17,260
10/4/17,116
10/5/17,194
10/6/17,76
10/7/17,111
10/8/17,118
10/9/17,58
10/10/17,141
10/11/17,228
10/12/17,73
10/13/17,69
10/14/17,159
10/15/17,119
10/16/17,161
10/17/17,221
10/18/17,212
10/19/17,221
10/20/17,292
10/21/17,50
10/22/17,69
10/23/17,82
10/24/17,130
10/25/17,136
10/26/17,112
10/27/17,147
10/28/17,123
10/29/17,113
10/30/17,100
10/31/17,99
11/1/17,172
11/2/17,89
11/3/17,91
11/4/17,95
11/5/17,161
11/6/17,117
11/7/17,228
11/8/17,222
11/9/17,217
11/10/17,204
11/11/17,64
11/12/17,95
11/13/17,61
11/14/17,111
11/15/17,111
11/16/17,126
11/17/17,89
11/18/17,86
11/19/17,92
11/20/17,58
11/21/17,105
11/22/17,155
11/23/17,27
11/24/17,99
11/25/17,27
11/26/17,76
11/27/17,46
11/28/17,114
11/29/17,91
11/30/17,230
12/1/17,146
12/2/17,46
12/3/17,69
12/4/17,92
12/5/17,92
12/6/17,214
12/7/17,223
12/8/17,77
12/9/17,88
12/10/17,155
12/11/17,207
12/12/17,169
12/13/17,116
12/14/17,108
12/15/17,34
12/16/17,81
12/17/17,25
12/18/17,106
12/19/17,69
12/20/17,155
12/21/17,65
12/22/17,213
12/23/17,69
12/24/17,122
12/25/17,122
12/26/17,91
12/27/17,189
12/28/17,56
12/29/17,128
12/30/17,70
12/31/17,103
1/1/18,220
1/2/18,306
1/3/18,247
1/4/18,354
1/5/18,187
1/6/18,145
1/7/18,206
1/8/18,94
1/9/18,123
1/10/18,149
1/11/18,129
1/12/18,107
1/13/18,138
1/14/18,103
1/15/18,189
1/16/18,94
1/17/18,251
1/18/18,166
1/19/18,75
1/20/18,114
1/21/18,51
1/22/18,130
1/23/18,158
1/24/18,167
1/25/18,162
1/26/18,194
1/27/18,139
1/28/18,69
1/29/18,80
1/30/18,147
1/31/18,153
2/1/18,174
2/2/18,66
2/3/18,97
2/4/18,209
2/5/18,110
2/6/18,93
2/7/18,109
2/8/18,78
2/9/18,102
2/10/18,66
2/11/18,127
2/12/18,98
2/13/18,57
2/14/18,94
2/15/18,35
2/16/18,139
2/17/18,40
2/18/18,138
2/19/18,151
2/20/18,29
2/21/18,90
2/22/18,37
2/23/18,154
2/24/18,127
2/25/18,51
2/26/18,98
2/27/18,103
2/28/18,152
3/1/18,57
3/2/18,251
3/3/18,191
3/4/18,73
3/5/18,283
3/6/18,171
3/7/18,247
3/8/18,260
3/9/18,232
3/10/18,337
3/11/18,227
3/12/18,173
3/13/18,91
3/14/18,184
3/15/18,119
3/16/18,187
3/17/18,102
3/18/18,123
3/19/18,62
3/20/18,401
3/21/18,200
3/22/18,207
3/23/18,292
3/24/18,384
3/25/18,149
3/26/18,112
3/27/18,88
3/28/18,216
3/29/18,305
3/30/18,162
3/31/18,94
4/1/18,101
4/2/18,53
4/3/18,85
4/4/18,156
4/5/18,207
4/6/18,161
4/7/18,99
4/8/18,67
4/9/18,224
4/10/18,292
4/11/18,369
4/12/18,708
4/13/18,361
4/14/18,458
4/15/18,172
4/16/18,400
4/17/18,349
4/18/18,314
4/19/18,271
4/20/18,175
4/21/18,192
4/22/18,49
4/23/18,258
4/24/18,199
4/25/18,172
4/26/18,132
4/27/18,95
4/28/18,171
4/29/18,76
4/30/18,129
5/1/18,60
5/2/18,251
5/3/18,73
5/4/18,262
5/5/18,139
5/6/18,51
5/7/18,134
5/8/18,265
5/9/18,277
5/10/18,231
5/11/18,188
5/12/18,171
5/13/18,106
5/14/18,243
5/15/18,122
5/16/18,113
5/17/18,224
5/18/18,247
5/19/18,116
5/20/18,120
5/21/18,134
5/22/18,285
5/23/18,238
5/24/18,221
5/25/18,302
5/26/18,113
5/27/18,52
5/28/18,39
5/29/18,66
5/30/18,132
5/31/18,123
6/1/18,198
6/2/18,205
6/3/18,160
6/4/18,223
6/5/18,268
6/6/18,221
6/7/18,166
6/8/18,200
6/9/18,109
6/10/18,147
6/11/18,150
6/12/18,256
6/13/18,338
6/14/18,188
6/15/18,135
6/16/18,257
6/17/18,54
6/18/18,123
6/19/18,239
6/20/18,319
6/21/18,257
6/22/18,106
6/23/18,104
6/24/18,121
6/25/18,186
6/26/18,278
6/27/18,161
6/28/18,136
6/29/18,401
6/30/18,102
7/1/18,75
7/2/18,440
7/3/18,235
7/4/18,158
7/5/18,246
7/6/18,200
7/7/18,108
7/8/18,83
7/9/18,219
7/10/18,192
7/11/18,66
7/12/18,434
7/13/18,228
7/14/18,188
7/15/18,315
7/16/18,199
7/17/18,168
7/18/18,256
7/19/18,229
7/20/18,219
7/21/18,221
7/22/18,85
7/23/18,305
7/24/18,422
7/25/18,405
7/26/18,300
7/27/18,311
7/28/18,233
7/29/18,28
7/30/18,159
7/31/18,264
8/1/18,292
8/2/18,302
8/3/18,286
8/4/18,72
8/5/18,28
8/6/18,130
8/7/18,267
8/8/18,152
8/9/18,196
8/10/18,274
8/11/18,131
8/12/18,133
8/13/18,220
8/14/18,216
8/15/18,99
8/16/18,88
8/17/18,153
8/18/18,100
8/19/18,112
8/20/18,214
8/21/18,144
8/22/18,164
8/23/18,39
8/24/18,75
8/25/18,91
8/26/18,51
8/27/18,215
8/28/18,120
8/29/18,87
8/30/18,69
8/31/18,184
9/1/18,118
9/2/18,77
9/3/18,97
9/4/18,152
9/5/18,37
9/6/18,112
9/7/18,93
9/8/18,52
9/9/18,72
9/10/18,55
9/11/18,216
9/12/18,154
9/13/18,238
9/14/18,94
9/15/18,90
9/16/18,52
9/17/18,148
9/18/18,172
9/19/18,131
9/20/18,290
9/21/18,258
9/22/18,84
9/23/18,98
9/24/18,186
9/25/18,136
9/26/18,179
9/27/18,112
9/28/18,85
9/29/18,72
9/30/18,75
10/1/18,162
10/2/18,121
10/3/18,19
10/4/18,98
10/5/18,135
10/6/18,113
10/7/18,51
10/8/18,170
10/9/18,181
10/10/18,160
10/11/18,257
10/12/18,161
10/13/18,92
10/14/18,120
10/15/18,330
10/16/18,165
10/17/18,169
10/18/18,148
10/19/18,161
10/20/18,122
10/21/18,25
10/22/18,203
10/23/18,217
10/24/18,223
10/25/18,299
10/26/18,348
10/27/18,144
10/28/18,74
10/29/18,31
10/30/18,226
10/31/18,46
11/1/18,130
11/2/18,102
11/3/18,128
11/4/18,68
11/5/18,104
11/6/18,87
11/7/18,171
11/8/18,45
11/9/18,163
11/10/18,49
11/11/18,0
11/12/18,0
11/13/18,217
11/14/18,146
11/15/18,63
11/16/18,145
11/17/18,83
11/18/18,71
11/19/18,329
11/20/18,268
11/21/18,250
11/22/18,101
11/23/18,139
11/24/18,195
11/25/18,108
11/26/18,135
11/27/18,167
11/28/18,207
11/29/18,288
11/30/18,292
12/1/18,103
12/2/18,76
12/3/18,211
12/4/18,284
12/5/18,172
12/6/18,181
12/7/18,193
12/8/18,85
12/9/18,49
12/10/18,157
12/11/18,59
12/12/18,190
12/13/18,393
12/14/18,152
12/15/18,165
12/16/18,132
12/17/18,107
12/18/18,118
12/19/18,256
12/20/18,202
12/21/18,294
12/22/18,191
12/23/18,90
12/24/18,13
12/25/18,63
12/26/18,111
12/27/18,371
12/28/18,164
12/29/18,63
12/30/18,140
12/31/18,224
1/1/19,72
1/2/19,286
1/3/19,185
1/4/19,318
1/5/19,166
1/6/19,60
1/7/19,220
1/8/19,309
1/9/19,303
1/10/19,130
1/11/19,128
1/12/19,65
1/13/19,55
1/14/19,228
1/15/19,164
1/16/19,116
1/17/19,225
1/18/19,195
1/19/19,131
1/20/19,46
1/21/19,143
1/22/19,212
1/23/19,399
1/24/19,102
1/25/19,219
1/26/19,103
1/27/19,166
1/28/19,65
1/29/19,186
1/30/19,259
1/31/19,284
2/1/19,72
2/2/19,174
2/3/19,138
2/4/19,258
2/5/19,165
2/6/19,78
2/7/19,60
2/8/19,98
2/9/19,79
2/10/19,54
2/11/19,169
2/12/19,99
2/13/19,210
2/14/19,95
2/15/19,237
2/16/19,209
2/17/19,111
2/18/19,144
2/19/19,240
2/20/19,177
2/21/19,202
2/22/19,196
2/23/19,123
2/24/19,201
2/25/19,227
2/26/19,183
2/27/19,292
2/28/19,50
3/1/19,263
3/2/19,146
3/3/19,56
3/4/19,108
3/5/19,163
3/6/19,90
3/7/19,133
3/8/19,99
3/9/19,115
3/10/19,82
3/11/19,44
3/12/19,198
3/13/19,119
3/14/19,18
3/15/19,82
3/16/19,93
3/17/19,58
3/18/19,208
3/19/19,174
3/20/19,180
3/21/19,191
3/22/19,133
3/23/19,78
3/24/19,48
3/25/19,33
3/26/19,96
3/27/19,98
3/28/19,72
3/29/19,87
3/30/19,52
3/31/19,54
4/1/19,74
4/2/19,145
4/3/19,137
4/4/19,120
4/5/19,89
4/6/19,131
4/7/19,26
4/8/19,55
4/9/19,71
4/10/19,78
4/11/19,104
4/12/19,181
4/13/19,145
4/14/19,27
4/15/19,22
4/16/19,76
4/17/19,121
4/18/19,69
4/19/19,12
4/20/19,158
4/21/19,57
4/22/19,35
4/23/19,149
4/24/19,94
4/25/19,175
4/26/19,89
4/27/19,137
4/28/19,27
4/29/19,139
4/30/19,81
5/1/19,70
5/2/19,100
5/3/19,95
5/4/19,66
5/5/19,108
5/6/19,106
5/7/19,200
5/8/19,83
5/9/19,221
5/10/19,127
5/11/19,265
5/12/19,168
5/13/19,310
5/14/19,383
5/15/19,411
5/16/19,433
5/17/19,318
5/18/19,170
5/19/19,182
5/20/19,143
5/21/19,329
5/22/19,161
5/23/19,182
5/24/19,232
5/25/19,269
5/26/19,87
5/27/19,56
5/28/19,236
5/29/19,301
5/30/19,177
5/31/19,153
6/1/19,291
6/2/19,106
6/3/19,207
6/4/19,264
6/5/19,228
6/6/19,220
6/7/19,195
6/8/19,115
6/9/19,141
6/10/19,232
6/11/19,325
6/12/19,94
6/13/19,278
6/14/19,387
6/15/19,240
6/16/19,86
6/17/19,344
6/18/19,288
6/19/19,314
6/20/19,193
6/21/19,293
6/22/19,288
6/23/19,212
6/24/19,285
6/25/19,265
6/26/19,225
6/27/19,142
6/28/19,258
6/29/19,214
6/30/19,150
7/1/19,282
7/2/19,137
7/3/19,240
7/4/19,68
7/5/19,119
7/6/19,156
7/7/19,57
7/8/19,105
7/9/19,163
7/10/19,242
7/11/19,77
7/12/19,279
7/13/19,198
7/14/19,118
7/15/19,186
7/16/19,158
7/17/19,226
7/18/19,215
7/19/19,185
7/20/19,170
7/21/19,157
7/22/19,433
7/23/19,164
7/24/19,278
7/25/19,192
7/26/19,274
7/27/19,110
7/28/19,29
7/29/19,58
7/30/19,223
7/31/19,222
8/1/19,127
8/2/19,248
8/3/19,296
8/4/19,121
8/5/19,312
8/6/19,725
8/7/19,269
8/8/19,327
8/9/19,221
8/10/19,318
8/11/19,58
8/12/19,199
8/13/19,92
8/14/19,117
8/15/19,360
8/16/19,387
8/17/19,241
8/18/19,148
8/19/19,306
8/20/19,195
8/21/19,165
8/22/19,329
8/23/19,278
8/24/19,263
8/25/19,90
8/26/19,249
8/27/19,246
8/28/19,292
8/29/19,308
8/30/19,136
8/31/19,102
9/1/19,168
9/2/19,126
9/3/19,146
9/4/19,166
9/5/19,232
9/6/19,164
9/7/19,116
9/8/19,51
9/9/19,88
9/10/19,82
9/11/19,330
9/12/19,103
9/13/19,138
9/14/19,148
9/15/19,0
9/16/19,216
9/17/19,454
9/18/19,424
9/19/19,377
9/20/19,306
9/21/19,125
9/22/19,62
9/23/19,63
9/24/19,347
9/25/19,124
9/26/19,154
9/27/19,124
9/28/19,80
9/29/19,165
9/30/19,160
10/1/19,175
10/2/19,210
10/3/19,173
10/4/19,280
10/5/19,65
10/6/19,82
10/7/19,207
10/8/19,363
10/9/19,225
10/10/19,255
10/11/19,217
10/12/19,117
10/13/19,132
10/14/19,72
10/15/19,249
10/16/19,181
10/17/19,228
10/18/19,131
10/19/19,115
10/20/19,138
10/21/19,104
10/22/19,42
10/23/19,113
10/24/19,140
10/25/19,35
10/26/19,78
10/27/19,82
10/28/19,142
10/29/19,111
10/30/19,92
10/31/19,127
11/1/19,55
11/2/19,95
11/3/19,27
11/4/19,70
11/5/19,65
11/6/19,92
11/7/19,62
11/8/19,121
11/9/19,171
11/10/19,27
11/11/19,73
11/12/19,208